f0, 7f, 0, 2, 1, 1, 30, 2e, 33, 35, 30, f7
f0, 7f, 0, 2, 1, 4, 0, 0, 0, 0, 0, 30, 2e, 33, 31, 30, f7
f0, 7f, 0, 2, 1, 4, 0, 0, 0, 0, 0, 30, 2e, 33, 30, 30, f7
f0, 7f, 0, 2, 1, 4, 0, 0, 0, 0, 0, 30, 2e, 32, 30, 30, f7
f0, 7f, 0, 2, 1, 4, 0, 0, 0, 0, 0, 30, 2e, 31, 30, 30, f7
f0, 7f, 0, 2, 1, 1, 30, 2e, 32, 30, 30, f7
f0, 7f, 0, 2, 1, 1, 30, 2e, 33, 30, 30, f7
f0, 7f, 0, 2, 1, 1, 30, 2e, 33, 31, 30, f7
f0, 7f, 0, 2, 1, 1, 30, 2e, 33, 35, 30, f7
f0, 7f, 0, 2, 1, 1, 30, 2e, 33, 36, 30, f7
f0, 7f, 0, 2, 1, 1, 30, 2e, 33, 37, 30, f7